name,image,description,launched,website,offline,presented,breakout,feature,video,first_active,last_active,slack_channel,github
tRacket - Noise Meter Project,tracket-graphic-sq.png (https://v5.airtableusercontent.com/v3/u/34/34/1730325600000/9fOcRZ53o2SrBYKabyqR2A/4Q1zRbpcbuDiQn253JEl4kMOy65vbEjwGMqdgwOdh-5EkG72ZDE7aL2H0A6NQsc2d5ShybRIvYbuoXlEWtC2KfpaWYV4aAzHkjbHGkV06mwZWJUkpDFNOwkrN4si6OOOC11XwXSARwr--P5sObab2dYrW94ns8MVDor31kE4o2k/Hnbsan6iZBJce9X9XDz6gAj10LPRfOlgW4FrsArkfgY),We’re making it easy and affordable to collect data about noise,TRUE,https://tracket.info,,TRUE,TRUE,,https://www.youtube.com/watch?v=qAeNPwS0nsc,2023-08-08,2024-05-28,"#proj-noisemeter
",
OpenShelter.space,Screenshot 2024-09-14 at 4.00.26 PM.png (https://v5.airtableusercontent.com/v3/u/34/34/1730325600000/S_ebBC_pv60dspvp7CdVEQ/nx4kIVprDt2w0gpZZq4VBAIiRjLxJwTyYFk7tILD_DRveAqB1bUBdfos1CFJ8VROmPWpxXXgGIbum60Etek4AsOj_UfJhZQRdzEJZlkoRKzLQfVhBHxVb0iQnstqVe21YMnVBIqjTVbjnR_mbiIe2W1t5KVlHjeBINmrKVCJ8A5KEUaFVm6sUZfDrdW8wJYE/15ScqXr4bW2PifIZ13JcJu6BwjSwbFuxnKXtU8AsZgA),,TRUE,https://openshelter.space,,TRUE,TRUE,,https://www.youtube.com/watch?v=C9wVOlqa0dA,,2024-02-01,#openshelter-space,
#proj-library-passport,,,,,,,TRUE,,,,2023-11-21,#proj-library-passport,
Missing Persons Project,Screenshot 2024-09-14 at 4.08.07 PM.png (https://v5.airtableusercontent.com/v3/u/34/34/1730325600000/PPJHL6E1wYXqe-LO1pJZ9A/toT5nDdC3au6R2IDXUDdlzQIhex9vhbxOoNC7vKxaHEIHycK14Rbvy27f5ePI-YAZEHG0JcqX81O6-LIniebubFwV-gPj_dMVQLFRT76UoVnPdoUXs0ps_xXm6qHpN2uW-WasSOXMATMOneTl4qjPfoW8xy1KVGkMGLGAtB_6PxZLihQIDsHZx5XRl3CAb8p/cGHkQjK5ny2Pw2j2VKtDo-vO8IHJHXYMp_WXbwdp34I),"This application facilitates the identification of missing persons by comparing physical characteristics and personal information with unidentified remains.

This application streamlines the identification process, reducing manual cross-referencing and time-consuming searches.",TRUE,https://civictechto.github.io/missing-persons/,,TRUE,TRUE,,https://www.youtube.com/watch?v=ndIAnxp20Wo,2022-01-01,2023-10-03,#proj-missing-persons,https://github.com/CivicTechTO/missing-persons
Itsneerby,Screenshot 2024-09-14 at 4.04.30 PM.png (https://v5.airtableusercontent.com/v3/u/34/34/1730325600000/05zDJHSw8pHPOl4DrmByrQ/i6XdyTBirUyjdNsInZPA-F6MmPabPwUYZwCAmxhn3Qv3UmYW7O72tqvTmr5BUHPeDJ5fW2Tgepi2tibvfePCMX36BcT7zlk-hQIoH7nIflWBn2lRSc2nM_emXsAfopZjuoV1tTzxRW9nlWpU6cVg4TsRhuGCIZwZXf85yKFaRcj8jODN76vAaErIzG1vG4-2/l_yvn9of22zF4wh_5p7LRUjWHFx3-uom4DxEea6gZxw),,TRUE,https://itsneerby.ca/,,TRUE,TRUE,,https://www.youtube.com/watch?v=seD7GldEwA4,,2023-03-05,"#proj-itsneerby
",
Tech Audit Project,,,,,,,TRUE,,,2022-02-15,2022-11-18,#proj-tech-audit,
#proj-speed-camera,,,,,,,TRUE,,,2022-06-16,2022-09-11,#proj-speed-camera,
COVID Graphic Model,,,,,,,TRUE,,,2020-01-01,2022-05-19,#covid-model,
Open Data Profiler,,talking about building a profiler for city of toronto open datasets,,,,,TRUE,,,2022-01-01,2022-02-08,#cot-opendata-profiler,
Tabs Toronto,Screenshot 2024-09-14 at 4.01.54 PM.png (https://v5.airtableusercontent.com/v3/u/34/34/1730325600000/CDSHxFA4cMQ41xE4-bPjdw/1NPHWwbEls4xrE6c-9kYrvVr7E3tyLBNvCwlK7Xwqh6_7hLTv5zC1ec-qXCxIjvkI7StAZahOs9E8b9Fb7-lW8KJE3HtTGVz1k6d05mpSAVoJIwyh1gbVySmCFwYe8z05RuUfKK9CpYz0d89BzzIzbYc4E6EcSLjGUl0IWQc19Oz92GErLF0OA_pYYVzhwZ7/CS0DKLKwIcmmraejBI3tPXxUM6noP6USJS9hufbBoto),,TRUE,"http://pwd.ca/tabs
",,,TRUE,,,2021-01-01,2022-01-01,#proj-tabs-toronto,
Chalmers Cards,Screenshot 2024-09-14 at 4.01.06 PM.png (https://v5.airtableusercontent.com/v3/u/34/34/1730325600000/M7F0xOTWh_MVyLXArFwHeA/arLXMbe5oOoYWpjzbOTvmia68-fMt8ospiT6RZUSKFsSIEx1GuFbNvija0dVpSUImIuDpRK7Nnw3vTEovMzfnJoDMCeiMCFe2pNq12IMxbUY6pJbHiucqwXac_S6f_fayONQjK7pXvBS5LELEFoCPfIrNSTEI38AJG1tA1g85TB_jb9ZQPpFD7BmPRTkVExn/Yz4trKkSoKLDA-wNQXmmYUiNen9SWig_i4RDDhn33DQ),,TRUE,https://www.chalmerscards.com/,,,TRUE,,,,2022-01-01,#openshelter-space,
Law & Design CoLab,,,,,,,TRUE,,,,2021-11-02,#law-and-design-colab,
Techfugees Toronto,,,,,,TRUE,TRUE,,,,2021-01-19,"#techfugeestoronto
",
Accelerator Project,,aims to help homeless and at-risk youth escape the cycle of poverty by helping them to use tech skills,TRUE,https://acceleratorproject.xyz/,TRUE,,TRUE,,,2018-01-01,2021-01-01,#accelerator,
Our Data Futures,,,,,,,TRUE,,,,2020-07-19,#our-data-futures,
TTC Subway times,Screenshot 2024-09-14 at 3.54.13 PM.png (https://v5.airtableusercontent.com/v3/u/34/34/1730325600000/zFLDVw7PM5W62m8pgFy1-w/ISqYeewvTzM77pvRH8RuCZURIjf1883OeKqxaHyODtUifiCw3Kmb_-yFcMQQ1wT_gP8pLonIIYvwxmoHrLkg756N37LOMQW6SwhBPiEzKEFdPWHDP4VMFwLNHmQKUp6rZral7NsQ2WwPiNtCyUyhsB7JoP5jRarbNV-56bW1vilUYcivuL2XpMiwXNFUMaGw/d170yRGnNPrXG2Pvae-8jRxhep3UHayoUEBnc5s81Tg),,,,,,TRUE,,,2017-01-01,2020-01-01,,https://github.com/CivicTechTO/ttc_subway_times
COVID Connect,,a lightweight process to match design and technology volunteers to existing COVID-19 initiatives and mutual aid projects that need digital support,,,,,TRUE,,,2020-01-01,2020-01-01,#covid19-connect,
Ample Labs,,,,,,,TRUE,,,,2019-01-01,#amplelabs,
Health Atlas - Mapping project for Mississauga Halton Health Integration Network,Screenshot 2024-09-14 at 4.06.00 PM.png (https://v5.airtableusercontent.com/v3/u/34/34/1730325600000/DoGdysa4V8HxEW_2MrQrvQ/E-hgQKwp08oo4ea03BIYrs_kx4un56jcWGyr3pKJ91pkUqJytGSz27Nk0J8Cyi5oPNxw-SvO3jRIl7ZeehuMTbh9N-Y2rLFRmgYZcO2oyUJUf28qUolLtbv7PkhMI7SeKIWFAwC0oDp-CBDvLLnX_9PqUxcsK5hRIKjQZfRuQ01SZKMGejY5vOwRQFhfcScp/pZ-da9GH5vL2KeKrXHP3x7_b2zctKB5q2-wnX63wKVE),,TRUE,https://misshaltlhin.github.io/MissHaltLHIN/,,,TRUE,,,2016-07-26,2018-08-16,"#mapmhlin
",https://github.com/MissHaltLHIN/MissHaltLHIN
Councilmatic Toronto,,,,,,,TRUE,,,,2018-07-17,#proj-councilmatic-dev,
The Carded,,Uses Human Centered Design to change how policies are communicated to black communities.,,,,,TRUE,,,,2018-06-04,#thecarded,
Budgetpedia,Screenshot 2024-09-14 at 3.49.41 PM.png (https://v5.airtableusercontent.com/v3/u/34/34/1730325600000/FicAYMhLUoPP7tu2UwID9w/66z4i5dEmKu_VmCzhcPTUll_It8VNX_ducTR5caNLGqs_PwUxcvbEciNbAuEIbbtoh_S_iCdFjhOuGpSk-rwR_fx_JFrn1utv5s-iD5Git6Kpry6IYBYZ6g05g3UJyB1YHs0BBDuJiZf6NcczE3uymoQZ_2pLar9ftmTASpEYylS2ihNrTcwBd8TC-4tss0K/HnzCuKqZde0PTsyvni-7OnuNN44Ep2VnwYH7_yyLjcw),Making the City of Toronto budget more accessible to promote informed debate; advocate for better budgeting,TRUE,http://budgetpedia.ca/,,,TRUE,,,2015-01-01,2018-01-01,#budgetpedia-general,https://github.com/CivicTechTO/budgetpedia-frontend
Women and color,,an online community of talented women and people of color available for speaking opportunities at tech-related events.,TRUE,http://womenandcolor.com,TRUE,,TRUE,,,2017-01-01,2018-01-01,,
Basecount,,Mapping the capacity and current occupancy of City of Toronto emergency shelters,,,,,TRUE,,,2018-01-01,2018-01-01,#proj-basecount,
Democracy Kit,dk_wordmark.png (https://v5.airtableusercontent.com/v3/u/34/34/1730325600000/u7vIIAKRMW7mBOUbYRV9xw/acyWvR_pSGfoEFQZNtkBjfkyAmWJspIfVl9UgSkdLyaQiN_Ceq6Ai9FZxF6PK4w89Ewq5xwt5nPVB7tC_FihUMk1UDRrqv8z1_N0WttlRyqnTvOFKuQAGWi_ElijrAM7z3fVWoraCLq3hUNvUAWkVCBbQ0ihcS4dGRctJX-RG9E/8Q-An90zQ4QjVUWpgI_2gdUpMW2P_JDJRsSwEKE9OhQ),a not-for-profit startup working to open the democratic process by publishing a shared campaign resource package for councillor and trustee races,TRUE,http://www.opendemocracyproject.ca/,TRUE,,TRUE,,,,2017-12-05,#democracykit,
#proj-adroit,,,,,,,TRUE,,,,2017-01-31,#proj-adroit,
Guerilla Archiving - Environmental Data Gathering Initiative,24626991.png (https://v5.airtableusercontent.com/v3/u/34/34/1730325600000/kwIHBgzu_7AWJnhxcwNXCw/1y_duUSvC1nwfasgMy6mc80g_Nak3N2U0MW2D4Vt71A9GPfM-R1aOV5eG0JRcwEANLyh1_AYGkg07auavBxENSs6W--LIqoGZ55-YrnA3DVwaOeN1lH9T4_SuCCrzZyaea8iDxnOt1rKzisya3Zz23nMHp0w8XkPaxnoAMLi5QQ/s2mRN5rbzck2vFuFok7f8wwV38PUGxgtmg8XXhTueTY),,,,,,TRUE,,,2016-01-01,2017-01-01,#guerilla-archiving,
TPL Digital Innovation Hub booking app,,,,,,,TRUE,,,2016-01-01,2017-01-01,#tpl-bookings,
Toronto Meshnet,Screenshot 2024-09-14 at 3.58.41 PM.png (https://v5.airtableusercontent.com/v3/u/34/34/1730325600000/QcZF0EgoHVJo2500r5lKyw/bqqyKuzVlgNi1-guxo9gg5aVz3ZBZPmpnjixDlli5YcrYtX2cPs4lPElVnsvEpgnlPOBuK-VNibIOHIlzsf-oEZsDc-WeARuQD0cOSotUJPXvNVK90bz6K27hGKoiAK3mkbORjWNqLPI4MX9Dg72AdektNEcwyf8CpE6B08nPO3PO0BVll5JvNjIxQyHEccQ/EhIiait_Cps8TyMRdbUrJ_nI_l1mjeUBUlpSnYyccXw),,TRUE,https://tomesh.net/,,,TRUE,,,,2016-11-14,#tomesh,
#greathumanexperiences,,,,,,,TRUE,,,,2016-02-10,#greathumanexperiences,
Open Cabinet,,,,,,,TRUE,,,2015-01-01,2016-01-01,#proj-opencabinet,https://github.com/CivicTechTO/open-cabinet
Free the Electorate,,Make elections results more accessible outside of media cycles.,,,,,TRUE,,,2016-01-01,2016-01-01,#freetheelectorate,https://github.com/CivicTechTO/freetheelectorate
Planning Applications,,,,,,,TRUE,,,2015-01-01,2016-01-01,#planningapplications,
Plain Language Project,,,,,,,TRUE,,,2015-01-01,2016-01-01,#proj-plainlanguage,
#refugeeswelcome,,,,,,,TRUE,,,2015-01-01,2016-01-01,#refugeeswelcome,
Section 37 funding,,,,,,,TRUE,,,2016-01-01,2016-01-01,#s_37,
Toronto City Hall app,Screenshot 2024-09-14 at 3.53.38 PM.png (https://v5.airtableusercontent.com/v3/u/34/34/1730325600000/Efob9PbEpMXNHAfHq_ZmAg/4OUoWVRvWCsiNq_OuubhyGjWU_0vy7yYhxpmytaPL32gIkFYGbMMnPF2l8xA7yAsJYMWSzt7asOdpDLYtIBVHbVJVDON9bdAVsBl65g9zHxao55V3Jf6mBjBhfQWd4a7V1TAzuDK1UgPSMLZ2510tXC0A9ovqnVmEChu7IqkofjgWMkAtBlz_leYQBkRnDRQ/qHLIMvB1rx7kfdPK9PHXT9DQpnaCG4es-Vl5X7Vv64I),,,,,,TRUE,,,2015-01-01,2015-01-01,,https://github.com/CivicTechTO/tocityhall-app
Orders in Council,,,,,,,TRUE,,,2015-01-01,2015-01-01,,
Transit Clock,,,,,,,TRUE,,,2015-01-01,2015-01-01,,
Citizen Dashboard,,"Figuring out how to make city council's activity accessible! Currently looking to get city council minutes into Open Data, maybe make a Citizen Dashboard out of it",,,,TRUE,TRUE,TRUE,https://www.youtube.com/watch?v=pTo2BwPNPJA,2024-02-20,2024-10-31,#proj-citizen-dashboard,https://github.com/IlyaKreynin/citizen-dashboard
Civic Tech Toolkit,,,,,,,TRUE,,,2024-01-01,2024-10-30,#civic-tech-toolkit,
Pol.is Toronto,,,,,,,TRUE,TRUE,,2024-04-24,2024-10-30,#polis,
Police tech audit,,,,,,,TRUE,TRUE,,2024-07-02,2024-10-30,#proj-tpsb-tech-audit,
Bikespace,bikespace.png (https://v5.airtableusercontent.com/v3/u/34/34/1730325600000/R8PA0nXCWtrx26ZhhCtjhg/DW2KX5qrDfm_AMeIv4nCMnQK3Lier4rvX6vsagBA7t-ePiC9IsWIFxYySLBhUrYIg7vbynwYdc_8R2D98agBPiMg8dwnx5iY8sOE_O_vc08WQ4PUnwfC6nXzPosYlgKzqAizCSQKPeXm86rPF5UG4CoLUsOHwkMuHVJDZseSFWQ/ROS1hXCom9rdwWNrDZRyQ5yO6rZFRIPSh7JkH6AXUwo),a tool that enables cyclists to identify places where there is not enough bicycle parking,TRUE,https://bikespace.ca/,,TRUE,TRUE,TRUE,https://www.youtube.com/watch?v=p5ZJiEsvT7c,2017-06-27,2024-10-30,#proj-bikeparking,
EI eligibility tool,,,,,,,TRUE,,,2023-11-14,,#cdn-financial-literary,
HousingNowTO,Screenshot 2024-09-14 at 4.07.44 PM.png (https://v5.airtableusercontent.com/v3/u/34/34/1730325600000/K6HhoPkBa4eYqrU9ZasQaQ/mhmdKGcMwmpR8RiwwTDiIm4VJgunYOmuNWLP4iN28GjdHtWE20lLXG99plcGWcoZG0oKPWGfT7OxiJxFkCBxB2hov4tUYn9brxHTlVFGAZNhIbVi0IVeOAd6MiasLm4UZIZz5KbZ6XcscQgWJm9vU6d_Z8foz_WIGAevxtuGHcgDUvUBB2nNLpWsKgvP9rOQ/hgFG2HZpwycAMpaJ8VQSMQlkbVr1CxxN05SxlqCoxfQ),,TRUE,http://housingnowto.com https://twitter.com/HousingNowTO,,TRUE,,,https://www.youtube.com/watch?v=mT7i0eRrA1g,,,,
Parks and Rec Bot,Screenshot 2024-09-14 at 4.07.01 PM.png (https://v5.airtableusercontent.com/v3/u/34/34/1730325600000/R3_oncB93o5ZyeNf_Zp5HQ/dYjED8ItNaiBb7NQrvHR6iEWcixIpn-lHEMcb7_J8ZM10hhjbMZQ6JLt9LB3mrPar1f5Y-YF0oml6V93JARar7jubFnRU922Kp5ZsrWBSWZBhrCOdNKVikiBPAaF7RDonjSbOBHIXpdve0Un-7bwVoIAiq4akinaTUxYgJIebozmmimrVnTezA1NM53NRELA/8WvbFpYWKU2bI6WetKL93Ab-_gL-tDu4UWORrHMU-Zo),"I used ChatGPT to train a custom bot using open Parks and Rec data -- facilities, locations, programming, hours of operation -- to train a custom Toronto Parks and Rec Bot. Ask it a question, like ""I have two kids, 5 and 12, and I want them to both take swimming on Saturdays"" and get help finding the right classes.",TRUE,https://chatgpt.com/g/g-UhmmS6Psr-toronto-parks-and-rec-bot,,TRUE,,,https://www.youtube.com/watch?v=-MsQENTR-ug,,,,
Danforth Dad,Screenshot 2024-09-14 at 4.06.40 PM.png (https://v5.airtableusercontent.com/v3/u/34/34/1730325600000/hiTVtXLgS26eQ-_Xnsf3kg/xgU6opFWluoAkTRYubaSYXQ-8N2_xoria6NB1w_S5E2FPS_fbzSSWK71WUa794WMbC1GiVTo96c8crqs0gCfXoQchJOVuWAfuK8Q3sJC4Fn7dH2fWayL5oFyvHDK3Tu1TW8yl217Lgl3wPtsv6UXoUrxDaDa9vnCUKaHydSMZKSfDj9WcbW3CwkBhPfI2Fnb/oOufNm7YUHrjrSt9n7WYxTD8KZ_BF-6sv8aYSGyZ5pE),Toronto playground map and reviews,TRUE,https://danforthdad.com,,TRUE,,,https://www.youtube.com/watch?v=-xu2VyScUrU,,,,
Potential locations for public wi-fi,Screenshot 2024-09-14 at 4.21.55 PM.png (https://v5.airtableusercontent.com/v3/u/34/34/1730325600000/v6iKCCGJqmi6FjWwBXbOpg/fwzOUoNlhMDez7_kCyo-iRq991WPfQ77bMO0fsQBaUPGtloShdg-ypuiyu9Rb2G8KyUjfND1aa6RihiIEnrhYLincCfbJ1AefRSwjfSOM6F6ZrCJ4s41FyZPvbkZC2u44Syrnmo-NKDLC_G3ghNBUyEtFsjJWpCg_ill7UN4qkRiM0ZSGO6l6ElV_wSLUVhX/MhP0o26iZ1fummEr2NnVaY4bCWLpvlUzaP2Gd_FHiLc),"The City of Toronto has been expanding its public Wi-Fi program in spaces such as community centres and community housing. As the City looks to further implement its free Wi-Fi program, interviews with community stakeholders have emphasized the need for Wi-Fi connectivity in third spaces, such as public parks.",TRUE,https://emily-sakaguchi.github.io/Connect_TO/,,TRUE,,,https://www.youtube.com/watch?v=TIAF0u5L2A0,,,,https://github.com/emily-sakaguchi/Connect_TO
The Grocery Tracker,Screenshot 2024-09-14 at 4.25.55 PM.png (https://v5.airtableusercontent.com/v3/u/34/34/1730325600000/SuXNGiMq831SC2q9sImzZg/8V39JeiqjLa-TCyvhu6llaHKPKhT6ud5OS4s22bVrSUax_rEIJ2j2uHyQwblD1JIQJ7pttKstELiKb9OO5rpihisJQ7EUY1wqFZoIpgB7cGfdR3kTAH8HDGGQOCPSY19_LbzBWpKPlunjnYiEkxxhDk1ztuogsnZy8zOuwOoYGLxBZezgijGzXdgxg2k879g/BGb_HsX6fjyKdr56NGBmNk-mqhpdbXfZCImiGemOVIg),"As we are all painfully aware, the cost of living in this country has increased. As a result, stories focused on the necessities of life (food, shelter, health) have become even more important.

That's why we're so proud to present the live beta of The Hoser's Grocery Tracking Project. With this dashboard, you'll be able to find the cheapest grocery stores in the city. As we work towards that goal, we thought we'd provide you with the data we are tracking from grocery stores across the city.",TRUE,https://hosergrocerytracker.ca/,,TRUE,,,https://www.youtube.com/watch?v=xKIA_Y-LS3E,,,,
Toronto Lobbying Report,Screenshot 2024-09-14 at 4.34.58 PM.png (https://v5.airtableusercontent.com/v3/u/34/34/1730325600000/w_Po4qIF1JFLcm4i1rtloA/k7T5qWi4ZwY3VoxqQUdFsWRsHFPIf7q38BwX3VWbWnKdP7-IUR6f9161T9FPJpY6mb5FX0d2XTGCN4br5rJG3JAeelv4YV8jr1Fcpw5RSlxtrt_xs6ImgSDBzDSiQw1VjzxlM6b1Lb8cyS5x5GvxWjAY3yyMCwSPO93EMamCU0h9W9f2GuW6J85wHe4laYO8/LRtgYwRFAPXdUL6Xd71y39L8-ulj483mzZ_tNs2h5rU),"This database contains information about lobbyist activities in Toronto, including subject matters, registrants, beneficiaries, firms, communications, and more.

Use this tool to explore relationships between lobbyists, their clients, and government officials.",TRUE,https://lobbyingintoronto.ca/,,TRUE,,,https://www.youtube.com/watch?v=DSZyltT7SKE,,,,https://github.com/RamVasuthevan/TorontoLobbyistRegistry
time2reach Transit Map,Screenshot 2024-09-14 at 4.10.53 PM.png (https://v5.airtableusercontent.com/v3/u/34/34/1730325600000/pPjsflX4pSlUPv56xugRSA/A2ZxWXfQlIm48iFnVkHY1RJdwTVGeKeuzF6E5LJJx5oFg1S-xd5odIwzGNuL9MICqdxdHK-b1KtH0Iz5Se4Q5ASyC4P25R5gd6RiucDT1j4gl3Hfnwm6ZN9qGF7BEfdkX9bKGolZqeACt_X1Eg0xOkrR9r1ltussRW7uihX27T7cBQ-9X2yzIo9tzFMZ0N2K/io-B_yXcDCB7P2Olo4GGeM9LuFG5oLVjortEZkX6zOY),time2reach is an interactive map that lets you see how far you can go just using public transit.,TRUE,https://map.henryn.ca/,,TRUE,,,https://www.youtube.com/watch?v=3v3H5a5jTuQ,,,,
Rate the Landlord,Screenshot 2024-09-14 at 4.12.20 PM.png (https://v5.airtableusercontent.com/v3/u/34/34/1730325600000/ZKQdvGUIkD8y_csOIoSc4g/yQXMLlnxnUtrphos223puDLJaSPAFCpENOYiG25PFsw9UJfvn5pssKTidUOYxc4YzyJJE3q4QlT6aJ2bUufeQfFU4NLCZH6WLb1KW6shnFAvXjApXu0k6L-6XgbY9RshuVUyYC220xbhG_kzjeCb0aW066t3aY17xfTe22wPhUMz3fq_mnGSkrR3Wsr0VxlO/ClkzwvUALK2EP244DwTkBwHciqBjuNJJxn7k6kaDi9Q),We are a community platform that elevates tenant voices to promote landlord accountability.,TRUE,https://ratethelandlord.org,,TRUE,,,https://www.youtube.com/watch?v=44J0e8ephPw,,,,
Respitely,Screenshot 2024-09-14 at 4.24.14 PM.png (https://v5.airtableusercontent.com/v3/u/34/34/1730325600000/bMhRVz-fFnMg7-dPtA7LWA/ywdPKo4TVoTzdzVmrSNrmQw-bcXRku790Qu41UTEK7v8FRrZtzHMtoDYuATFhjo3NAqjrAFF8IBW3qEMa_6RLjcPdVJFd4Wjz3ahYPfDcUZiw8m5ct6WWAQ5zp3QwBj3yxai91WGeWU8EMsNgIuaf3dU9l1iIHpECJqtYgAI-UxXCTi1lK5AOrjk3jCOgm2c/cufw6fy9jFjaz8yrpISpA5QYWzhSNqxsyKND62vt3Jg),,TRUE,https://respitely.org/,,TRUE,,,https://www.youtube.com/watch?v=ydwLc8hkyy0,,,,
Tracking Gentle Density in Toronto,Screenshot 2024-09-14 at 4.15.03 PM.png (https://v5.airtableusercontent.com/v3/u/34/34/1730325600000/rHSR6B7PlMiBsrszWGyo3Q/8p9qq09ipkygqaSYPeEgiiZiLLg9biCSo575pqhY_MnK7-AUW9X8HBQp8X6mmenQgAV96vlzkJ4i-AWqZl3QkwdkT-SUghVNycN9mqBJC7Jy2Omc1JoDv03ixR9sNlpFahjVyWFC2kTsOaDuHIGCZJHa3fzXLwpW-6lqY9psSuY1UZpuaroj2rsbsG5S-7O4/u-60Kj5KsaOxaVwcT8dDIQWkJK7nIfQxQ-2aHNmIM78),Visualizing 10 years (2012 to 2022) of Secondary Suite and Laneway / Garden Suite building permits in Toronto,TRUE,https://schoolofcities.github.io/gentle-density/toronto-building-permits,,TRUE,,,https://www.youtube.com/watch?v=1_kSEhsn1ik,,,,
Parking Tickets Toronto,Screenshot 2024-09-14 at 4.14.01 PM.png (https://v5.airtableusercontent.com/v3/u/34/34/1730325600000/1V1MYbCttGH-bUsxRmGzmg/RRRbIbFJn3VH1jdtfII3tKltYIryRRMXulh7s0fTf1YBvnD7VG9cEaeaLgLmHyMYDN4cwgP7rV8kgbxAHYK_VCSkePnNWx9w7VRdZZrn51X5ay3FTz3e-Wq8oaokUALzAQhxZtGUn-KKyShY59OV5GPN5J5lxRTyKP_ENj9Fr7k03Wsm9WEBGv_XkOuAzjF2/K4LBToITNk8pe-6WpS4J1NI34ydrJB4mJmpY9UzYxYk),,TRUE,https://schoolofcities.github.io/parking-tickets-toronto/,,TRUE,,,https://www.youtube.com/watch?v=1_kSEhsn1ik,,,,
Place and Politics in Toronto,Screenshot 2024-09-14 at 4.14.35 PM.png (https://v5.airtableusercontent.com/v3/u/34/34/1730325600000/wocIZD5I9-fy1-QGESe3kQ/JkUse_PnDrfWk_JXcTn69cap8DY1tVgSQgbUA-5bHSQwaXbH9pAXhSi3d_dUanAHWcwu1Hjunylbt_MCOL6imQ1vcBVjRDEQfY--6iAe2zjfEwTtn9cJmpdjHtI9FlBYejyb3w0IlwM8uois7gbWgFnD_QuBpYlnXaiefStzCYD1LhZ3YUh2TQUMB-FWCo19/wxu395mNOpmF9AJIlfYkO7pcCNFCOU59gukmLdTJD0w),Mapping the 2022 Toronto Election,TRUE,https://schoolofcities.github.io/place-and-politics-toronto/,,TRUE,,,https://www.youtube.com/watch?v=1_kSEhsn1ik,,,,
TaxGPT,Screenshot 2024-09-14 at 4.13.32 PM.png (https://v5.airtableusercontent.com/v3/u/34/34/1730325600000/IbuV8b40TJbc4onkAbGzvw/A8LoETc3BH3MW_rTIaJzd7j1rdwR1V_XpqcQIRLYV5R05htxyewxe29YPqEQt9i8E3EUGAZHZMCixfLwvJrGAulr6KQdoMJwlmjCcgjEk7g_-Av7095t29L12VSWulVG6wnmvSZ4q5N6JC9DMQN6WpKqZjp2MiEaBWAfsAxSnbOyRRg0cT-xiweWe8Qx8WCt/ZM8myNWhPtr2JO7I07zhNU_Bz4qWKbTTgiNfdUFmJLo),"TaxGPT generates answers based on publicly information from the Canada Revenue Agency website. It uses the ChatGPT’s AI model to return information about Canada’s tax system, and is intended for a beginner audience. The intent is to provide a friendly and approachable way to start learning about taxes, not to solve for complex scenarios.",TRUE,https://taxgpt.ca/,,TRUE,,,https://www.youtube.com/watch?v=Q1tGuJGwvWE,,,,
tobus.ca,Screenshot 2024-09-14 at 4.11.16 PM.png (https://v5.airtableusercontent.com/v3/u/34/34/1730325600000/8agk-ujf0-35xuAhdCZPRA/7-aSb88jdGy74e9VlT3XVIgh8YDFvyKGybU1nqblf2Lb3LBCFMSWIY9jZx-rSitpyfH_U-H_k8Hh-8E-gXiT6TkpA4I6O5DUmRvGqbxPHu6lnGaE951opBiRnU59wcl7BbrqNuNUYchiahlrcR8Ql7MP59_uLqKxCro8tX__GAWb4orTeWJ9OWErZVKlAQkW/pYfycXa4__mbc1-mN-9HPb7jfuXdyXUe8H36YWJSrEs),"A extremely fast and simple website, parsing TTC's ETA data.",TRUE,https://tobus.ca/,,TRUE,,,https://www.youtube.com/watch?v=jJYQLKUF7Qo,,,,https://github.com/thomassth/ttc-bus-eta
Torontoverse,Screenshot 2024-09-14 at 4.16.45 PM.png (https://v5.airtableusercontent.com/v3/u/34/34/1730325600000/uxQYxgjIH6uEgZmLjGvB0Q/7lLE83CAZhNSngfqA3mDXk-TfgLtZmih5vn-3_Rloz0ZsYwRHCG1l2Lp3d83nSPaTPJNUNyE_KpoX78kmcXiiXhyQPJS3C3SikRHQkhZGKBtXFYJQdl2ZFji3a-hlBcVyqErA3ZPEB6pKVZGmOL65eDt0Z5cGKmgnpic7lURkUfynD16yNV8ZtIZ9Vm5tDRk/LhJdxanzXn54niisIX9HXNrSMhxvCXV1e2KE_6YA7oM),"We’re a new kind of news publisher using innovative, cutting-edge technology to tell honest, local stories. We’re using data, code, and even a little AI to do something completely fresh.",TRUE,"https://torontoverse.com
",,TRUE,,,https://www.youtube.com/watch?v=6UuhjZoW9mo,,,,
TorontoBot,Screenshot 2024-09-14 at 4.13.06 PM.png (https://v5.airtableusercontent.com/v3/u/34/34/1730325600000/kf2MZDSbc5eGodD5oqmRsA/XCUSZ8FdRKqLF2M6R7NSM9kZKlQpx5CFA1lSARc7sTHmtWkaRJYu8Wc-7ED9YHE5TNzrdd9EybbcPBdPafEQooF9omAJDmfK6zv5457PDuUQK231wji0CjxkRwgTdhzqs-GwUsvhaPak0_F0MUh7PIXH1c23FCjwssXv7efLXOAh0x1lNFzffzxWkVlAHv4X/vPJo_Ss81dsm9A4X7gR_P7CFIx1_A7fxX_BylmurqZI),TorontoBot is a tool for querying Toronto Open Data. It answers questions either on the command line or as a Discord bot.,TRUE,https://torontoverse.com/articles/a6_rscnPTmG_8auFQPvg7w/meet-torontobot-torontoverses-ai-powered-municipal,,TRUE,,,https://www.youtube.com/watch?v=2gMf13erp0Y,,,,https://github.com/geomodulus/torontobot
Know Your Vote T.O.,Screenshot 2024-09-14 at 4.15.49 PM.png (https://v5.airtableusercontent.com/v3/u/34/34/1730325600000/Ijz79yfOjfiDmfGCheutqg/aLcnMpQ3iWI8WZOU7Bqk6LmW4AgfeplXhsPxFliqODe5oB1gg6vg6rfIwFdvbRUotOCI0Dg_WC_PBn-OxUCPQBSDA81RH-KpmWVnaRYU7b17OaTOTz73nt3-PzwI4bApm2eoHxxcj6b6JZr0u3FCtIpObFEZaCtHpxL8hoNjZ4UAVSfrWflskmmmMxJnhR9T/WoWiWx2Z7mAFFJGc1A9OXzdqNt3m3MNN1qvELGY80w0),Know Your Vote T.O. is a municipal election candidate civic learning website developed by the Toronto Public Library. ,TRUE,https://www.knowyourvote.to/,,TRUE,,,https://www.youtube.com/watch?v=_rVXTQRlfDM,,,,
Open Water Data,Screenshot 2024-09-14 at 4.11.56 PM.png (https://v5.airtableusercontent.com/v3/u/34/34/1730325600000/-FL6iwin7L5B4k36d0TzIQ/WjI2r-P6dOovU4nS-8PtSYICqL7LzA79ZwZlchr0roafN1hqx-pL8HBjrNRwjALtd_rTVu-U7-tA8OGPd_rqLNxrBTXmI6SSq19LwTkKnkSTIo1BSNcWlSLYyIhDAvf1jrw-MRutAeGUyST74L_gTrRoZDxZv-_brcK5Z2q9AzZ2uYUT4bX8zEUXZKlNn91D/sbKZQwrvYwEAItKZoCW9V3cDVcAJjUBfijAUtcE3CU4),"For open water swimmers, paddleboarders, surfers and other beach-goers to check beach conditions. ",TRUE,https://www.openwaterdata.com/,,TRUE,,,https://www.youtube.com/watch?v=uYWlvsyQTnE,,,,
Toronto Tree Inequities,,"An analysis of the relationship between Toronto neighbourhoods' street tree density, income, and visible minority population, utilizing spatial autoregression methods.",,,,TRUE,,,https://www.youtube.com/watch?v=5uoTKp7M3r8,,,,https://github.com/EthanSansom/torontotreeinequities